[{"id":"user-file-Network-45961.mp4","fileName":"Network-45961.mp4","name":"Network-45961","publicUrl":"npv://user.desktop.nicepage.com/Site_113570828/files/Network-45961.mp4","size":8736024},{"id":"user-file-DownwardPressureOilprices.pdf","fileName":"DownwardPressureOilprices.pdf","name":"DownwardPressureOilprices","publicUrl":"np://user.desktop.nicepage.com/Site_113570828/files/DownwardPressureOilprices.pdf","size":1022831},{"id":"user-file-MoodysDowngradesNigeriasSovereignRatingaNotchLower.pdf","fileName":"MoodysDowngradesNigeriasSovereignRatingaNotchLower.pdf","name":"MoodysDowngradesNigeriasSovereignRatingaNotchLower","publicUrl":"np://user.desktop.nicepage.com/Site_113570828/files/MoodysDowngradesNigeriasSovereignRatingaNotchLower.pdf","size":1034559},{"id":"user-file-OPECPlanstoReduceOilProductionby2MBPD.pdf","fileName":"OPECPlanstoReduceOilProductionby2MBPD.pdf","name":"OPECPlanstoReduceOilProductionby2MBPD","publicUrl":"np://user.desktop.nicepage.com/Site_113570828/files/OPECPlanstoReduceOilProductionby2MBPD.pdf","size":1034559},{"id":"user-file-WakeMeUp.pdf","fileName":"WakeMeUp.pdf","name":"WakeMeUp","publicUrl":"np://user.desktop.nicepage.com/Site_113570828/files/WakeMeUp.pdf","size":1034559},{"id":"user-file-EndofanEra.pdf","fileName":"EndofanEra.pdf","name":"EndofanEra","publicUrl":"np://user.desktop.nicepage.com/Site_113570828/files/EndofanEra.pdf","size":1034559},{"id":"user-file-EuropeLookingforanArtemisLaunchFailureMomentinGasPrices.pdf","fileName":"EuropeLookingforanArtemisLaunchFailureMomentinGasPrices.pdf","name":"EuropeLookingforanArtemisLaunchFailureMomentinGasPrices","publicUrl":"np://user.desktop.nicepage.com/Site_113570828/files/EuropeLookingforanArtemisLaunchFailureMomentinGasPrices.pdf","size":1034559}]