[{"id":"user-file-KonnectLight.otf","fileName":"KonnectLight.otf","name":"KonnectLight","publicUrl":"np://user.desktop.nicepage.com/Site_113570828/fonts/KonnectLight.otf","size":101076},{"id":"user-file-KonnectMedium.otf","fileName":"KonnectMedium.otf","name":"KonnectMedium","publicUrl":"np://user.desktop.nicepage.com/Site_113570828/fonts/KonnectMedium.otf","size":101760},{"id":"user-file-KonnectRegular.otf","fileName":"KonnectRegular.otf","name":"KonnectRegular","publicUrl":"np://user.desktop.nicepage.com/Site_113570828/fonts/KonnectRegular.otf","size":101440}]