[{"id":"user-image-SankoreWhiteLogo2023.png","publicUrl":"np://user.desktop.nicepage.com/Site_113570828/images/SankoreWhiteLogo2023.png","size":19244,"fileName":"SankoreWhiteLogo2023.png","name":"SankoreWhiteLogo2023","width":1343,"height":322,"thumbnail":{"url":"np://user.desktop.nicepage.com/Site_113570828/images/thumbnails/SankoreWhiteLogo2023.png","width":250,"height":60},"usages":["1478325090"]},{"id":"user-image-careerSankore.webp","publicUrl":"np://user.desktop.nicepage.com/Site_113570828/images/careerSankore.webp","size":712372,"fileName":"careerSankore.webp","name":"careerSankore","width":1440,"height":500,"thumbnail":{"url":"np://user.desktop.nicepage.com/Site_113570828/images/careerSankore.webp","width":250,"height":87},"usages":[]},{"id":"user-image-summer.webp","publicUrl":"np://user.desktop.nicepage.com/Site_113570828/images/summer.webp","size":71698,"fileName":"summer.webp","name":"summer","width":319,"height":200,"thumbnail":{"url":"np://user.desktop.nicepage.com/Site_113570828/images/summer.webp","width":250,"height":157},"usages":[]},{"id":"user-image-grad.webp","publicUrl":"np://user.desktop.nicepage.com/Site_113570828/images/grad.webp","size":99674,"fileName":"grad.webp","name":"grad","width":319,"height":249,"thumbnail":{"url":"np://user.desktop.nicepage.com/Site_113570828/images/grad.webp","width":250,"height":195},"usages":[]},{"id":"user-image-acr221016-010-1024x701.jpg","publicUrl":"np://user.desktop.nicepage.com/Site_113570828/images/acr221016-010-1024x701.jpg","size":119510,"fileName":"acr221016-010-1024x701.jpg","name":"acr221016-010-1024x701","width":1024,"height":701,"thumbnail":{"url":"np://user.desktop.nicepage.com/Site_113570828/images/thumbnails/acr221016-010-1024x701.jpg","width":250,"height":171},"usages":[]},{"id":"user-image-Group451.webp","publicUrl":"np://user.desktop.nicepage.com/Site_113570828/images/Group451.webp","size":74208,"fileName":"Group451.webp","name":"Group451","width":468,"height":468,"thumbnail":{"url":"np://user.desktop.nicepage.com/Site_113570828/images/Group451.webp","width":250,"height":250},"usages":[]},{"id":"user-image-Group461.webp","publicUrl":"np://user.desktop.nicepage.com/Site_113570828/images/Group461.webp","size":119998,"fileName":"Group461.webp","name":"Group461","width":468,"height":468,"thumbnail":{"url":"np://user.desktop.nicepage.com/Site_113570828/images/Group461.webp","width":250,"height":250},"usages":[]},{"id":"user-image-43869.png","publicUrl":"np://user.desktop.nicepage.com/Site_113570828/images/43869.png","size":1024,"fileName":"43869.png","name":"43869","width":128,"height":128,"thumbnail":{"url":"np://user.desktop.nicepage.com/Site_113570828/images/thumbnails/43869.png","width":128,"height":128,"length":1024},"usages":["431107824"]},{"id":"user-image-3524388.png","publicUrl":"np://user.desktop.nicepage.com/Site_113570828/images/3524388.png","size":1117,"fileName":"3524388.png","name":"3524388","width":128,"height":128,"thumbnail":{"url":"np://user.desktop.nicepage.com/Site_113570828/images/thumbnails/3524388.png","width":128,"height":128,"length":1117},"usages":["207406007"]},{"id":"user-image-Group20Copy.webp","publicUrl":"np://user.desktop.nicepage.com/Site_113570828/images/Group20Copy.webp","size":475990,"fileName":"Group20Copy.webp","name":"Group20Copy","width":470,"height":986,"thumbnail":{"url":"np://user.desktop.nicepage.com/Site_113570828/images/Group20Copy.webp","width":119,"height":250},"usages":["207406007"]},{"id":"user-image-RectangleCopy21.webp","publicUrl":"np://user.desktop.nicepage.com/Site_113570828/images/RectangleCopy21.webp","size":3401230,"fileName":"RectangleCopy21.webp","name":"RectangleCopy21","width":2880,"height":1000,"thumbnail":{"url":"np://user.desktop.nicepage.com/Site_113570828/images/RectangleCopy21.webp","width":250,"height":87},"usages":["207406007"]},{"id":"user-image-Group58.webp","publicUrl":"np://user.desktop.nicepage.com/Site_113570828/images/Group58.webp","size":2606024,"fileName":"Group58.webp","name":"Group58","width":2880,"height":1000,"thumbnail":{"url":"np://user.desktop.nicepage.com/Site_113570828/images/Group58.webp","width":250,"height":87},"usages":["207406007"]},{"id":"user-image-404Img.webp","publicUrl":"np://user.desktop.nicepage.com/Site_113570828/images/404Img.webp","size":1036344,"fileName":"404Img.webp","name":"404Img","width":1440,"height":904,"thumbnail":{"url":"np://user.desktop.nicepage.com/Site_113570828/images/404Img.webp","width":250,"height":157},"usages":[]},{"id":"user-image-154843.png","publicUrl":"np://user.desktop.nicepage.com/Site_113570828/images/154843.png","size":2176,"fileName":"154843.png","name":"154843","width":128,"height":128,"thumbnail":{"url":"np://user.desktop.nicepage.com/Site_113570828/images/thumbnails/154843.png","width":128,"height":128,"length":2176},"usages":["207406007","431107824"]},{"id":"user-image-StrategyCallImg.webp","publicUrl":"np://user.desktop.nicepage.com/Site_113570828/images/StrategyCallImg.webp","size":144602,"fileName":"StrategyCallImg.webp","name":"StrategyCallImg","width":266,"height":436,"thumbnail":{"url":"np://user.desktop.nicepage.com/Site_113570828/images/StrategyCallImg.webp","width":153,"height":250},"usages":["431107824"]},{"id":"user-image-FTG.webp","publicUrl":"np://user.desktop.nicepage.com/Site_113570828/images/FTG.webp","size":492,"fileName":"FTG.webp","name":"FTG","width":68,"height":37,"thumbnail":{"url":"np://user.desktop.nicepage.com/Site_113570828/images/FTG.webp","width":68,"height":37,"length":492},"usages":["265174109"]},{"id":"user-image-wwmosaic.svg","publicUrl":"np://user.desktop.nicepage.com/Site_113570828/images/wwmosaic.svg","size":1036469,"fileName":"wwmosaic.svg","name":"wwmosaic","width":400,"height":185,"thumbnail":{"url":"np://user.desktop.nicepage.com/Site_113570828/images/wwmosaic.svg","width":250,"height":116},"usages":["265174109"]},{"id":"user-image-Group44.webp","publicUrl":"np://user.desktop.nicepage.com/Site_113570828/images/Group44.webp","size":133132,"fileName":"Group44.webp","name":"Group44","width":468,"height":468,"thumbnail":{"url":"np://user.desktop.nicepage.com/Site_113570828/images/Group44.webp","width":250,"height":250},"usages":[]},{"id":"user-image-Group13.webp","publicUrl":"np://user.desktop.nicepage.com/Site_113570828/images/Group13.webp","size":117486,"fileName":"Group13.webp","name":"Group13","width":468,"height":468,"thumbnail":{"url":"np://user.desktop.nicepage.com/Site_113570828/images/Group13.webp","width":250,"height":250},"usages":[]},{"id":"user-image-Group12.webp","publicUrl":"np://user.desktop.nicepage.com/Site_113570828/images/Group12.webp","size":106864,"fileName":"Group12.webp","name":"Group12","width":468,"height":468,"thumbnail":{"url":"np://user.desktop.nicepage.com/Site_113570828/images/Group12.webp","width":250,"height":250},"usages":[]},{"id":"user-image-Group54Copy2.webp","publicUrl":"np://user.desktop.nicepage.com/Site_113570828/images/Group54Copy2.webp","size":86106,"fileName":"Group54Copy2.webp","name":"Group54Copy2","width":468,"height":468,"thumbnail":{"url":"np://user.desktop.nicepage.com/Site_113570828/images/Group54Copy2.webp","width":250,"height":250},"usages":[]},{"id":"user-image-Group15Copy.webp","publicUrl":"np://user.desktop.nicepage.com/Site_113570828/images/Group15Copy.webp","size":67682,"fileName":"Group15Copy.webp","name":"Group15Copy","width":468,"height":468,"thumbnail":{"url":"np://user.desktop.nicepage.com/Site_113570828/images/Group15Copy.webp","width":250,"height":250},"usages":[]},{"id":"user-image-Group4Copy.webp","publicUrl":"np://user.desktop.nicepage.com/Site_113570828/images/Group4Copy.webp","size":92722,"fileName":"Group4Copy.webp","name":"Group4Copy","width":468,"height":468,"thumbnail":{"url":"np://user.desktop.nicepage.com/Site_113570828/images/Group4Copy.webp","width":250,"height":250},"usages":[]},{"id":"user-image-FAQBG.webp","publicUrl":"np://user.desktop.nicepage.com/Site_113570828/images/FAQBG.webp","size":4042192,"fileName":"FAQBG.webp","name":"FAQBG","width":2880,"height":1792,"thumbnail":{"url":"np://user.desktop.nicepage.com/Site_113570828/images/FAQBG.webp","width":250,"height":156},"usages":["431107824"]},{"id":"user-image-RectangleCopy7.png","publicUrl":"np://user.desktop.nicepage.com/Site_113570828/images/RectangleCopy7.png","size":209118,"fileName":"RectangleCopy7.png","name":"RectangleCopy7","width":580,"height":171,"thumbnail":{"url":"np://user.desktop.nicepage.com/Site_113570828/images/thumbnails/RectangleCopy7.png","width":250,"height":74},"usages":[]},{"id":"user-image-RectangleCopy6.png","publicUrl":"np://user.desktop.nicepage.com/Site_113570828/images/RectangleCopy6.png","size":229376,"fileName":"RectangleCopy6.png","name":"RectangleCopy6","width":580,"height":171,"thumbnail":{"url":"np://user.desktop.nicepage.com/Site_113570828/images/thumbnails/RectangleCopy6.png","width":250,"height":74},"usages":[]},{"id":"user-image-RectangleCopy4.png","publicUrl":"np://user.desktop.nicepage.com/Site_113570828/images/RectangleCopy4.png","size":181022,"fileName":"RectangleCopy4.png","name":"RectangleCopy4","width":580,"height":171,"thumbnail":{"url":"np://user.desktop.nicepage.com/Site_113570828/images/thumbnails/RectangleCopy4.png","width":250,"height":74},"usages":[]},{"id":"user-image-SankoreTrustKid.png","publicUrl":"np://user.desktop.nicepage.com/Site_113570828/images/SankoreTrustKid.png","size":278367,"fileName":"SankoreTrustKid.png","name":"SankoreTrustKid","width":1160,"height":342,"thumbnail":{"url":"np://user.desktop.nicepage.com/Site_113570828/images/thumbnails/SankoreTrustKid.png","width":250,"height":74},"usages":[]},{"id":"user-image-3721843.png","publicUrl":"np://user.desktop.nicepage.com/Site_113570828/images/3721843.png","size":1713,"fileName":"3721843.png","name":"3721843","width":128,"height":128,"thumbnail":{"url":"np://user.desktop.nicepage.com/Site_113570828/images/thumbnails/3721843.png","width":128,"height":128,"length":1713},"usages":["1226708514"]},{"id":"user-image-FundsSideImg.webp","publicUrl":"np://user.desktop.nicepage.com/Site_113570828/images/FundsSideImg.webp","size":178502,"fileName":"FundsSideImg.webp","name":"FundsSideImg","width":235,"height":907,"thumbnail":{"url":"np://user.desktop.nicepage.com/Site_113570828/images/FundsSideImg.webp","width":65,"height":250},"usages":["207406007"]},{"id":"user-image-Rectangle2x.webp","publicUrl":"np://user.desktop.nicepage.com/Site_113570828/images/Rectangle2x.webp","size":82134,"fileName":"Rectangle2x.webp","name":"Rectangle2x","width":760,"height":2536,"thumbnail":{"url":"np://user.desktop.nicepage.com/Site_113570828/images/Rectangle2x.webp","width":75,"height":250},"usages":["207406007","431107824"]},{"id":"user-image-2767192.png","publicUrl":"np://user.desktop.nicepage.com/Site_113570828/images/2767192.png","size":3176,"fileName":"2767192.png","name":"2767192","width":128,"height":128,"thumbnail":{"url":"np://user.desktop.nicepage.com/Site_113570828/images/thumbnails/2767192.png","width":128,"height":128,"length":3176},"usages":["37315586"]},{"id":"user-image-CAC.png","publicUrl":"np://user.desktop.nicepage.com/Site_113570828/images/CAC.png","size":13562,"fileName":"CAC.png","name":"CAC","width":170,"height":50,"thumbnail":{"url":"np://user.desktop.nicepage.com/Site_113570828/images/thumbnails/CAC.png","width":170,"height":50,"length":13562},"usages":[]},{"id":"user-image-Changing-World-Order.jpg","publicUrl":"np://user.desktop.nicepage.com/Site_113570828/images/Changing-World-Order.jpg","size":121834,"fileName":"Changing-World-Order.jpg","name":"Changing-World-Order","width":1400,"height":2125,"thumbnail":{"url":"np://user.desktop.nicepage.com/Site_113570828/images/thumbnails/Changing-World-Order.jpg","width":165,"height":250},"usages":["207406007"]},{"id":"user-image-Dec2.svg","publicUrl":"np://user.desktop.nicepage.com/Site_113570828/images/Dec2.svg","size":921,"fileName":"Dec2.svg","name":"Dec2","width":132,"height":3,"thumbnail":{"url":"np://user.desktop.nicepage.com/Site_113570828/images/Dec2.svg","width":132,"height":3,"length":921},"usages":["37315586"]},{"id":"user-image-Ellipse1Copy2.webp","publicUrl":"np://user.desktop.nicepage.com/Site_113570828/images/Ellipse1Copy2.webp","size":7764,"fileName":"Ellipse1Copy2.webp","name":"Ellipse1Copy2","width":314,"height":314,"thumbnail":{"url":"np://user.desktop.nicepage.com/Site_113570828/images/Ellipse1Copy2.webp","width":250,"height":250},"usages":["37315586"]},{"id":"user-image-Ellipse3.webp","publicUrl":"np://user.desktop.nicepage.com/Site_113570828/images/Ellipse3.webp","size":7522,"fileName":"Ellipse3.webp","name":"Ellipse3","width":315,"height":314,"thumbnail":{"url":"np://user.desktop.nicepage.com/Site_113570828/images/Ellipse3.webp","width":250,"height":249},"usages":["37315586"]},{"id":"user-image-Ellipse4.webp","publicUrl":"np://user.desktop.nicepage.com/Site_113570828/images/Ellipse4.webp","size":6704,"fileName":"Ellipse4.webp","name":"Ellipse4","width":314,"height":314,"thumbnail":{"url":"np://user.desktop.nicepage.com/Site_113570828/images/Ellipse4.webp","width":250,"height":250},"usages":["37315586"]},{"id":"user-image-FOLLOWUS.png","publicUrl":"np://user.desktop.nicepage.com/Site_113570828/images/FOLLOWUS.png","size":1249,"fileName":"FOLLOWUS.png","name":"FOLLOWUS","width":12,"height":81,"thumbnail":{"url":"np://user.desktop.nicepage.com/Site_113570828/images/thumbnails/FOLLOWUS.png","width":12,"height":81,"length":1249},"usages":["37315586"]},{"id":"user-image-2111543.png","publicUrl":"np://user.desktop.nicepage.com/Site_113570828/images/2111543.png","size":2541,"fileName":"2111543.png","name":"2111543","width":128,"height":128,"thumbnail":{"url":"np://user.desktop.nicepage.com/Site_113570828/images/thumbnails/2111543.png","width":128,"height":128,"length":2541},"usages":["37315586"]},{"id":"user-image-FooterBG.webp","publicUrl":"np://user.desktop.nicepage.com/Site_113570828/images/FooterBG.webp","size":29196,"fileName":"FooterBG.webp","name":"FooterBG","width":2880,"height":1208,"thumbnail":{"url":"np://user.desktop.nicepage.com/Site_113570828/images/FooterBG.webp","width":250,"height":105},"usages":["37315586"]},{"id":"user-image-GLOBEX1.webp","publicUrl":"np://user.desktop.nicepage.com/Site_113570828/images/GLOBEX1.webp","size":120480,"fileName":"GLOBEX1.webp","name":"GLOBEX1","width":546,"height":531,"thumbnail":{"url":"np://user.desktop.nicepage.com/Site_113570828/images/GLOBEX1.webp","width":250,"height":243},"usages":["1226708514"]},{"id":"user-image-2586858.png","publicUrl":"np://user.desktop.nicepage.com/Site_113570828/images/2586858.png","size":2007,"fileName":"2586858.png","name":"2586858","width":128,"height":128,"thumbnail":{"url":"np://user.desktop.nicepage.com/Site_113570828/images/thumbnails/2586858.png","width":128,"height":128,"length":2007},"usages":["1226708514"]},{"id":"user-image-2099199.png","publicUrl":"np://user.desktop.nicepage.com/Site_113570828/images/2099199.png","size":1306,"fileName":"2099199.png","name":"2099199","width":128,"height":128,"thumbnail":{"url":"np://user.desktop.nicepage.com/Site_113570828/images/thumbnails/2099199.png","width":128,"height":128,"length":1306},"usages":["1226708514"]},{"id":"user-image-Group34.webp","publicUrl":"np://user.desktop.nicepage.com/Site_113570828/images/Group34.webp","size":144948,"fileName":"Group34.webp","name":"Group34","width":449,"height":449,"thumbnail":{"url":"np://user.desktop.nicepage.com/Site_113570828/images/Group34.webp","width":250,"height":250},"usages":["37315586"]},{"id":"user-image-Group36.webp","publicUrl":"np://user.desktop.nicepage.com/Site_113570828/images/Group36.webp","size":372924,"fileName":"Group36.webp","name":"Group36","width":650,"height":650,"thumbnail":{"url":"np://user.desktop.nicepage.com/Site_113570828/images/Group36.webp","width":250,"height":250},"usages":[]},{"id":"user-image-4a57d5905ea135993572f93900459347c01a4772ccf290bb8a101a7bbbe51c83b8ee7671c23760c6f5b3e4c88a08f7285957ed607c9d0acd551dcb_1280.jpg","publicUrl":"np://user.desktop.nicepage.com/Site_113570828/images/4a57d5905ea135993572f93900459347c01a4772ccf290bb8a101a7bbbe51c83b8ee7671c23760c6f5b3e4c88a08f7285957ed607c9d0acd551dcb_1280.jpg","size":270586,"fileName":"4a57d5905ea135993572f93900459347c01a4772ccf290bb8a101a7bbbe51c83b8ee7671c23760c6f5b3e4c88a08f7285957ed607c9d0acd551dcb_1280.jpg","name":"4a57d5905ea135993572f93900459347c01a4772ccf290bb8a101a7bbbe51c83b8ee7671c23760c6f5b3e4c88a08f7285957ed607c9d0acd551dcb_1280","width":1280,"height":768,"thumbnail":{"url":"np://user.desktop.nicepage.com/Site_113570828/images/thumbnails/4a57d5905ea135993572f93900459347c01a4772ccf290bb8a101a7bbbe51c83b8ee7671c23760c6f5b3e4c88a08f7285957ed607c9d0acd551dcb_1280.jpg","width":250,"height":150},"usages":["207406007"]},{"id":"user-image-542638.png","publicUrl":"np://user.desktop.nicepage.com/Site_113570828/images/542638.png","size":1880,"fileName":"542638.png","name":"542638","width":128,"height":128,"thumbnail":{"url":"np://user.desktop.nicepage.com/Site_113570828/images/thumbnails/542638.png","width":128,"height":128,"length":1880},"usages":[]},{"id":"user-image-597177.png","publicUrl":"np://user.desktop.nicepage.com/Site_113570828/images/597177.png","size":2660,"fileName":"597177.png","name":"597177","width":128,"height":128,"thumbnail":{"url":"np://user.desktop.nicepage.com/Site_113570828/images/thumbnails/597177.png","width":128,"height":128,"length":2660},"usages":["1226708514"]},{"id":"user-image-1865153.png","publicUrl":"np://user.desktop.nicepage.com/Site_113570828/images/1865153.png","size":3529,"fileName":"1865153.png","name":"1865153","width":128,"height":128,"thumbnail":{"url":"np://user.desktop.nicepage.com/Site_113570828/images/thumbnails/1865153.png","width":128,"height":128,"length":3529},"usages":[]},{"id":"user-image-684908.png","publicUrl":"np://user.desktop.nicepage.com/Site_113570828/images/684908.png","size":3369,"fileName":"684908.png","name":"684908","width":128,"height":128,"thumbnail":{"url":"np://user.desktop.nicepage.com/Site_113570828/images/thumbnails/684908.png","width":128,"height":128,"length":3369},"usages":["1226708514"]},{"id":"user-image-HG-Sankore.svg","publicUrl":"np://user.desktop.nicepage.com/Site_113570828/images/HG-Sankore.svg","size":731667,"fileName":"HG-Sankore.svg","name":"HG-Sankore","width":387,"height":510,"thumbnail":{"url":"np://user.desktop.nicepage.com/Site_113570828/images/HG-Sankore.svg","width":190,"height":250},"usages":[]},{"id":"user-image-NASD.png","publicUrl":"np://user.desktop.nicepage.com/Site_113570828/images/NASD.png","size":11198,"fileName":"NASD.png","name":"NASD","width":194,"height":50,"thumbnail":{"url":"np://user.desktop.nicepage.com/Site_113570828/images/thumbnails/NASD.png","width":194,"height":50,"length":11198},"usages":[]},{"id":"user-image-OvalBLUE.webp","publicUrl":"np://user.desktop.nicepage.com/Site_113570828/images/OvalBLUE.webp","size":2744,"fileName":"OvalBLUE.webp","name":"OvalBLUE","width":380,"height":380,"thumbnail":{"url":"np://user.desktop.nicepage.com/Site_113570828/images/OvalBLUE.webp","width":250,"height":250},"usages":["37315586"]},{"id":"user-image-OvalBLUE0.webp","publicUrl":"np://user.desktop.nicepage.com/Site_113570828/images/OvalBLUE0.webp","size":5112,"fileName":"OvalBLUE0.webp","name":"OvalBLUE0","width":384,"height":384,"thumbnail":{"url":"np://user.desktop.nicepage.com/Site_113570828/images/OvalBLUE0.webp","width":250,"height":250},"usages":["37315586"]},{"id":"user-image-OvalCopy4.webp","publicUrl":"np://user.desktop.nicepage.com/Site_113570828/images/OvalCopy4.webp","size":18518,"fileName":"OvalCopy4.webp","name":"OvalCopy4","width":380,"height":380,"thumbnail":{"url":"np://user.desktop.nicepage.com/Site_113570828/images/OvalCopy4.webp","width":250,"height":250},"usages":["37315586"]},{"id":"user-image-OvalGOLD0.webp","publicUrl":"np://user.desktop.nicepage.com/Site_113570828/images/OvalGOLD0.webp","size":4962,"fileName":"OvalGOLD0.webp","name":"OvalGOLD0","width":384,"height":384,"thumbnail":{"url":"np://user.desktop.nicepage.com/Site_113570828/images/OvalGOLD0.webp","width":250,"height":250},"usages":["37315586"]},{"id":"user-image-OvalGOLG.webp","publicUrl":"np://user.desktop.nicepage.com/Site_113570828/images/OvalGOLG.webp","size":27492,"fileName":"OvalGOLG.webp","name":"OvalGOLG","width":301,"height":380,"thumbnail":{"url":"np://user.desktop.nicepage.com/Site_113570828/images/OvalGOLG.webp","width":198,"height":250},"usages":["37315586"]},{"id":"user-image-OvalWHITE.webp","publicUrl":"np://user.desktop.nicepage.com/Site_113570828/images/OvalWHITE.webp","size":1652,"fileName":"OvalWHITE.webp","name":"OvalWHITE","width":255,"height":380,"thumbnail":{"url":"np://user.desktop.nicepage.com/Site_113570828/images/OvalWHITE.webp","width":168,"height":250},"usages":["37315586"]},{"id":"user-image-7268615.png","publicUrl":"np://user.desktop.nicepage.com/Site_113570828/images/7268615.png","size":1874,"fileName":"7268615.png","name":"7268615","width":128,"height":128,"thumbnail":{"url":"np://user.desktop.nicepage.com/Site_113570828/images/thumbnails/7268615.png","width":128,"height":128,"length":1874},"usages":["207406007"]},{"id":"user-image-SEC.png","publicUrl":"np://user.desktop.nicepage.com/Site_113570828/images/SEC.png","size":9642,"fileName":"SEC.png","name":"SEC","width":192,"height":50,"thumbnail":{"url":"np://user.desktop.nicepage.com/Site_113570828/images/thumbnails/SEC.png","width":192,"height":50,"length":9642},"usages":[]},{"id":"user-image-SankoreSlider1.webp","publicUrl":"np://user.desktop.nicepage.com/Site_113570828/images/SankoreSlider1.webp","size":1005758,"fileName":"SankoreSlider1.webp","name":"SankoreSlider1","width":1441,"height":870,"thumbnail":{"url":"np://user.desktop.nicepage.com/Site_113570828/images/SankoreSlider1.webp","width":250,"height":151},"usages":["37315586"]},{"id":"user-image-SankoreSlider2.webp","publicUrl":"np://user.desktop.nicepage.com/Site_113570828/images/SankoreSlider2.webp","size":760116,"fileName":"SankoreSlider2.webp","name":"SankoreSlider2","width":1440,"height":870,"thumbnail":{"url":"np://user.desktop.nicepage.com/Site_113570828/images/SankoreSlider2.webp","width":250,"height":151},"usages":["37315586"]},{"id":"user-image-SankoreSlider3.webp","publicUrl":"np://user.desktop.nicepage.com/Site_113570828/images/SankoreSlider3.webp","size":980980,"fileName":"SankoreSlider3.webp","name":"SankoreSlider3","width":1440,"height":870,"thumbnail":{"url":"np://user.desktop.nicepage.com/Site_113570828/images/SankoreSlider3.webp","width":250,"height":151},"usages":["37315586"]},{"id":"user-image-StrategyImg.webp","publicUrl":"np://user.desktop.nicepage.com/Site_113570828/images/StrategyImg.webp","size":667678,"fileName":"StrategyImg.webp","name":"StrategyImg","width":1440,"height":600,"thumbnail":{"url":"np://user.desktop.nicepage.com/Site_113570828/images/StrategyImg.webp","width":250,"height":104},"usages":["207406007"]},{"id":"user-image-TimbBG.webp","publicUrl":"np://user.desktop.nicepage.com/Site_113570828/images/TimbBG.webp","size":953876,"fileName":"TimbBG.webp","name":"TimbBG","width":1440,"height":859,"thumbnail":{"url":"np://user.desktop.nicepage.com/Site_113570828/images/TimbBG.webp","width":250,"height":149},"usages":["37315586"]},{"id":"user-image-TimbuktuDark.webp","publicUrl":"np://user.desktop.nicepage.com/Site_113570828/images/TimbuktuDark.webp","size":1325164,"fileName":"TimbuktuDark.webp","name":"TimbuktuDark","width":1440,"height":1236,"thumbnail":{"url":"np://user.desktop.nicepage.com/Site_113570828/images/TimbuktuDark.webp","width":250,"height":215},"usages":[]},{"id":"user-image-WealthX1.webp","publicUrl":"np://user.desktop.nicepage.com/Site_113570828/images/WealthX1.webp","size":691744,"fileName":"WealthX1.webp","name":"WealthX1","width":1440,"height":500,"thumbnail":{"url":"np://user.desktop.nicepage.com/Site_113570828/images/WealthX1.webp","width":250,"height":87},"usages":["207406007"]},{"id":"user-image-WealthX2.webp","publicUrl":"np://user.desktop.nicepage.com/Site_113570828/images/WealthX2.webp","size":125058,"fileName":"WealthX2.webp","name":"WealthX2","width":274,"height":477,"thumbnail":{"url":"np://user.desktop.nicepage.com/Site_113570828/images/WealthX2.webp","width":144,"height":250},"usages":["207406007"]},{"id":"user-image-1384046.png","publicUrl":"np://user.desktop.nicepage.com/Site_113570828/images/1384046.png","size":1524,"fileName":"1384046.png","name":"1384046","width":128,"height":128,"thumbnail":{"url":"np://user.desktop.nicepage.com/Site_113570828/images/thumbnails/1384046.png","width":128,"height":128,"length":1524},"usages":["37315586"]},{"id":"user-image-brandon-griggs-wR11KBaB86U-unsplash.jpg","publicUrl":"np://user.desktop.nicepage.com/Site_113570828/images/brandon-griggs-wR11KBaB86U-unsplash.jpg","size":312916,"fileName":"brandon-griggs-wR11KBaB86U-unsplash.jpg","name":"brandon-griggs-wR11KBaB86U-unsplash","width":1920,"height":1280,"thumbnail":{"url":"np://user.desktop.nicepage.com/Site_113570828/images/thumbnails/brandon-griggs-wR11KBaB86U-unsplash.jpg","width":250,"height":167},"usages":["207406007"]},{"id":"user-image-1384031.png","publicUrl":"np://user.desktop.nicepage.com/Site_113570828/images/1384031.png","size":3714,"fileName":"1384031.png","name":"1384031","width":128,"height":128,"thumbnail":{"url":"np://user.desktop.nicepage.com/Site_113570828/images/thumbnails/1384031.png","width":128,"height":128,"length":3714},"usages":["37315586"]},{"id":"user-image-1384028.png","publicUrl":"np://user.desktop.nicepage.com/Site_113570828/images/1384028.png","size":1832,"fileName":"1384028.png","name":"1384028","width":128,"height":128,"thumbnail":{"url":"np://user.desktop.nicepage.com/Site_113570828/images/thumbnails/1384028.png","width":128,"height":128,"length":1832},"usages":["37315586"]},{"id":"user-image-126509.png","publicUrl":"np://user.desktop.nicepage.com/Site_113570828/images/126509.png","size":3646,"fileName":"126509.png","name":"126509","width":128,"height":128,"thumbnail":{"url":"np://user.desktop.nicepage.com/Site_113570828/images/thumbnails/126509.png","width":128,"height":128,"length":3646},"usages":[]},{"id":"user-image-gold-coin-hourglass-time-is-money-concept.webp","publicUrl":"np://user.desktop.nicepage.com/Site_113570828/images/gold-coin-hourglass-time-is-money-concept.webp","size":90408,"fileName":"gold-coin-hourglass-time-is-money-concept.webp","name":"gold-coin-hourglass-time-is-money-concept","width":1469,"height":909,"thumbnail":{"url":"np://user.desktop.nicepage.com/Site_113570828/images/gold-coin-hourglass-time-is-money-concept.webp","width":250,"height":155},"usages":[]},{"id":"user-image-oldhourglass.webp","publicUrl":"np://user.desktop.nicepage.com/Site_113570828/images/oldhourglass.webp","size":1076674,"fileName":"oldhourglass.webp","name":"oldhourglass","width":1440,"height":960,"thumbnail":{"url":"np://user.desktop.nicepage.com/Site_113570828/images/oldhourglass.webp","width":250,"height":167},"usages":["1478325090"]},{"id":"user-image-partner1.svg","publicUrl":"np://user.desktop.nicepage.com/Site_113570828/images/partner1.svg","size":898802,"fileName":"partner1.svg","name":"partner1","width":1100,"height":70,"thumbnail":{"url":"np://user.desktop.nicepage.com/Site_113570828/images/partner1.svg","width":250,"height":16},"usages":["37315586"]},{"id":"user-image-partner2.svg","publicUrl":"np://user.desktop.nicepage.com/Site_113570828/images/partner2.svg","size":200735,"fileName":"partner2.svg","name":"partner2","width":1100,"height":70,"thumbnail":{"url":"np://user.desktop.nicepage.com/Site_113570828/images/partner2.svg","width":250,"height":16},"usages":["37315586"]},{"id":"user-image-2111738.png","publicUrl":"np://user.desktop.nicepage.com/Site_113570828/images/2111738.png","size":2394,"fileName":"2111738.png","name":"2111738","width":128,"height":128,"thumbnail":{"url":"np://user.desktop.nicepage.com/Site_113570828/images/thumbnails/2111738.png","width":128,"height":128,"length":2394},"usages":["37315586"]},{"id":"user-image-NGX.png","publicUrl":"np://user.desktop.nicepage.com/Site_113570828/images/NGX.png","size":9047,"fileName":"NGX.png","name":"NGX","width":118,"height":50,"thumbnail":{"url":"np://user.desktop.nicepage.com/Site_113570828/images/thumbnails/NGX.png","width":118,"height":50,"length":9047},"usages":[]},{"id":"user-image-SankoreAdvisor.png","publicUrl":"np://user.desktop.nicepage.com/Site_113570828/images/SankoreAdvisor.png","size":69520,"hash":"dgcs1vROSdrTHQLNk2T1LlxwQkg=","fileName":"SankoreAdvisor.png","name":"SankoreAdvisor","width":279,"height":722,"thumbnail":{"url":"np://user.desktop.nicepage.com/Site_113570828/images/thumbnails/SankoreAdvisor.png","width":97,"height":250},"originalUrl":"np://user.desktop.nicepage.com/Site_620300634/images/SankoreAdvisor.png?rand=82e2","usages":["1478325090"]},{"id":"user-image-ClientCentreBG.webp","publicUrl":"np://user.desktop.nicepage.com/Site_113570828/images/ClientCentreBG.webp","size":1516526,"hash":"3bdsTKAKDBHYL0RExkTKAd/YNVI=","fileName":"ClientCentreBG.webp","name":"ClientCentreBG","width":1460,"height":974,"thumbnail":{"url":"np://user.desktop.nicepage.com/Site_113570828/images/ClientCentreBG.webp","width":250,"height":167},"originalUrl":"np://user.desktop.nicepage.com/Site_620300634/images/ClientCentreBG.webp?rand=4745","usages":["1478325090"]},{"id":"user-image-kadagold.png","publicUrl":"np://user.desktop.nicepage.com/Site_113570828/images/kadagold.png","size":62665,"hash":"by0JD4prERk4GEm4MC/wV5aS0/Q=","fileName":"kadagold.png","name":"kadagold","width":2160,"height":724,"thumbnail":{"url":"np://user.desktop.nicepage.com/Site_113570828/images/thumbnails/kadagold.png","width":250,"height":84},"usages":["37315586"]},{"id":"user-image-wealthgold.png","publicUrl":"np://user.desktop.nicepage.com/Site_113570828/images/wealthgold.png","size":87846,"hash":"0epeMitYuZUfGjhVU4cLkoS1jx8=","fileName":"wealthgold.png","name":"wealthgold","width":2160,"height":724,"thumbnail":{"url":"np://user.desktop.nicepage.com/Site_113570828/images/thumbnails/wealthgold.png","width":250,"height":84},"usages":["37315586"]},{"id":"user-image-cassgold.png","publicUrl":"np://user.desktop.nicepage.com/Site_113570828/images/cassgold.png","size":277438,"hash":"FgqhO1Knl4Poo36IGCnztElnJ2g=","fileName":"cassgold.png","name":"cassgold","width":2160,"height":724,"thumbnail":{"url":"np://user.desktop.nicepage.com/Site_113570828/images/thumbnails/cassgold.png","width":250,"height":84},"usages":["37315586"]},{"id":"user-image-cxgold1.png","publicUrl":"np://user.desktop.nicepage.com/Site_113570828/images/cxgold1.png","size":344020,"hash":"ztMlg2CbPIMy3XH43ouZ05QGOuA=","fileName":"cxgold1.png","name":"cxgold1","width":2160,"height":724,"thumbnail":{"url":"np://user.desktop.nicepage.com/Site_113570828/images/thumbnails/cxgold1.png","width":250,"height":84},"usages":["37315586"]}]